Sample,Class,PC1,PC2
TCGA-5R-AA1C-01A,Tumor,-4.38648778181869,-1.41928266464858
TCGA-ED-A66Y-01A,Tumor,-3.02391295612353,2.1399689827701
TCGA-DD-AAEI-01A,Tumor,-3.0755477436378,-3.57457556055711
TCGA-ED-A8O5-01A,Tumor,-3.93960965267011,1.3595756892942
TCGA-DD-A3A2-11A,Normal,10.0271213964775,-0.00606525097375798
TCGA-DD-AACH-01A,Tumor,-3.58181294842227,0.522252574521609
TCGA-FV-A3R3-01A,Tumor,0.956149104367186,3.57591612040625
TCGA-G3-A5SJ-01A,Tumor,-2.04876658635448,1.51772903705954
TCGA-HP-A5MZ-01A,Tumor,0.757339979396544,-0.330991068412848
TCGA-ZP-A9D0-01A,Tumor,2.21377417239256,0.1381978182203
TCGA-BC-A10W-01A,Tumor,-3.47085399602725,2.23840801841194
TCGA-DD-A4NH-01A,Tumor,-3.0536065932168,3.84250216400721
TCGA-G3-A25Z-01A,Tumor,-1.14364520208081,-2.95076432148308
TCGA-DD-A39Z-11A,Normal,8.53546497472397,-0.0767367607893463
TCGA-DD-AACX-01A,Tumor,-4.82148743928521,-0.576148043186724
TCGA-BC-A10X-01A,Tumor,10.2376808332565,1.11278407662954
TCGA-DD-AACD-01A,Tumor,-0.603979239763833,0.608727884400367
TCGA-NI-A8LF-01A,Tumor,1.10252564545297,-1.18027258073299
TCGA-EP-A2KA-01A,Tumor,-4.20697945629969,2.17932061428367
TCGA-ZP-A9D4-01A,Tumor,-1.33039709428876,-3.79183029477644
TCGA-DD-AADQ-01A,Tumor,-3.26708275680003,-2.03139583517792
TCGA-DD-AAE7-01A,Tumor,3.38612833861802,-0.240174933604614
TCGA-GJ-A9DB-01A,Tumor,-0.578610133807957,-2.14886492047074
TCGA-DD-A3A3-01A,Tumor,-3.62196426381892,0.90878691032905
TCGA-FV-A3I0-11A,Normal,8.86760940832759,0.0622720899036604
TCGA-FV-A3I0-01A,Tumor,-2.78751895685763,7.09558787922307
TCGA-DD-A1ED-01A,Tumor,6.04512723832147,0.0777596393412626
TCGA-5C-A9VG-01A,Tumor,-2.53899731808036,2.88198496055821
TCGA-EP-A2KB-01A,Tumor,-3.37161509745125,-0.437446019173523
TCGA-CC-A8HU-01A,Tumor,-4.5857603658346,-0.227093190499914
TCGA-DD-AACN-01A,Tumor,4.11341227602136,2.55403064149111
TCGA-PD-A5DF-01A,Tumor,-1.16373527505881,-1.51900100363385
TCGA-DD-A1EF-01A,Tumor,-2.7888915020866,2.22196631673247
TCGA-GJ-A6C0-01A,Tumor,-1.83886629993449,-2.80721840528225
TCGA-DD-A11D-01A,Tumor,-0.779885259013525,-2.90460984520181
TCGA-DD-AADJ-01A,Tumor,-4.60578079000645,-1.17277237665808
TCGA-DD-AADW-01A,Tumor,-1.27221668697259,4.14011369981112
TCGA-XR-A8TF-01A,Tumor,-4.00831994959036,-1.2742174880151
TCGA-MI-A75G-01A,Tumor,-0.705841070844768,-3.44162035033928
TCGA-DD-AAD1-01A,Tumor,2.52154090762516,4.99097004496227
TCGA-ED-A7XO-01A,Tumor,5.5008767223944,-0.845611484128608
TCGA-CC-A5UE-01A,Tumor,-4.51512261754624,-1.64958585258187
TCGA-DD-A73D-01A,Tumor,-4.00524979655265,-3.19477285630772
TCGA-DD-AACT-01A,Tumor,1.13948272496026,-0.888653126031936
TCGA-XR-A8TE-01A,Tumor,-0.706817935615079,3.36210187590793
TCGA-DD-A39X-11A,Normal,9.60724372482201,-0.0527249359425281
TCGA-DD-A39X-01A,Tumor,-0.393557252304972,2.20855253989674
TCGA-WQ-AB4B-01A,Tumor,-1.13456995403366,0.716188087904426
TCGA-DD-AACO-01A,Tumor,-2.1846969398509,-0.278752259775865
TCGA-CC-A1HT-01A,Tumor,-3.92045606370871,2.27393599615682
TCGA-DD-AADS-01A,Tumor,-2.88984261264254,-2.98644917904403
TCGA-DD-AADA-01A,Tumor,0.600455152195518,1.35651287098957
TCGA-BC-A10U-11A,Normal,9.71683129994377,0.775415396379628
TCGA-CC-A9FW-01A,Tumor,-3.80128515462889,0.109180482173386
TCGA-DD-A114-11A,Normal,8.9297228940047,1.06046042543573
TCGA-BC-A10Q-11A,Normal,9.42815382371137,0.634022825307907
TCGA-DD-AAW1-01A,Tumor,-0.641533226530028,-1.86265151566832
TCGA-G3-A5SK-01A,Tumor,4.9456214503423,-2.11020316221113
TCGA-DD-A1EL-11A,Normal,10.6503800049839,0.859078098976
TCGA-RC-A7SH-01A,Tumor,-3.67367241010824,4.3459494111625
TCGA-DD-A1EL-01A,Tumor,-3.71725451198048,0.832171627393762
TCGA-MR-A520-01A,Tumor,3.22654780964593,-1.70487591020984
TCGA-WX-AA47-01A,Tumor,-4.30891969357167,3.28710030746029
TCGA-CC-A3MB-01A,Tumor,1.12629492071453,-0.117132685469554
TCGA-DD-AAEE-01A,Tumor,-2.80317167759372,-1.86938229073206
TCGA-BC-A10W-11A,Normal,8.81228118462746,0.308286256059051
TCGA-DD-AAE3-01A,Tumor,-1.64697234488322,-3.14783963207856
TCGA-2Y-A9GT-01A,Tumor,1.08074862542398,-3.94001530860198
TCGA-5R-AAAM-01A,Tumor,5.02036214168734,-1.24795429288963
TCGA-DD-A115-01A,Tumor,-0.19943845790621,-2.87854779798533
TCGA-DD-A39W-01A,Tumor,-3.53141940341251,1.47090011127562
TCGA-DD-A39W-11A,Normal,10.1511117195054,-0.0926882627936966
TCGA-2Y-A9H0-01A,Tumor,-4.99866570371543,-3.0490110548946
TCGA-DD-AAD8-01A,Tumor,-2.23054115858326,-3.99536105267814
TCGA-G3-A7M6-01A,Tumor,1.43793547568758,1.90553585575973
TCGA-2V-A95S-01A,Tumor,-5.66908229445709,2.56095132109919
TCGA-G3-A3CK-01A,Tumor,-1.66842227309864,-3.2484922792827
TCGA-DD-A3A2-01A,Tumor,3.62688270302389,-1.27432841052694
TCGA-G3-A3CH-01A,Tumor,2.2979264595914,0.159031260013749
TCGA-G3-A3CH-11A,Normal,9.50312634640308,0.428645965822723
TCGA-DD-A1EI-01A,Tumor,5.3189009073164,1.61168590028105
TCGA-CC-A5UD-01A,Tumor,-4.2331965323215,4.23844134741159
TCGA-2Y-A9GW-01A,Tumor,-0.954306411843017,0.0107019310066447
TCGA-CC-A7IE-01A,Tumor,-3.74749669017709,3.60283011165225
TCGA-RC-A6M4-01A,Tumor,-1.05329566059763,-2.35591148387789
TCGA-ZS-A9CG-01A,Tumor,0.41622796168783,-1.69078501638382
TCGA-DD-AACL-01A,Tumor,-4.78494647178055,1.32539242639518
TCGA-DD-AADC-01A,Tumor,-2.95285966634988,2.34912056917061
TCGA-BC-A10X-11A,Normal,11.0036499149941,0.299342012479544
TCGA-DD-AAD6-01A,Tumor,-5.6987132972478,-1.14693250981295
TCGA-ZP-A9D1-01A,Tumor,-2.32709971308268,-0.515180029707395
TCGA-DD-A3A9-01A,Tumor,-2.46637830058659,4.03856301655128
TCGA-WQ-A9G7-01A,Tumor,0.744706488740469,2.31827795630651
TCGA-DD-A3A3-11A,Normal,8.86070494786759,0.665744706847978
TCGA-DD-AAW0-01A,Tumor,4.46518282392796,1.34930804675268
TCGA-DD-AAD2-01A,Tumor,1.15945396973121,1.67758639873603
TCGA-BC-A112-01A,Tumor,-3.21463653313038,4.80413024917358
TCGA-2Y-A9GZ-01A,Tumor,-0.118913003097073,-5.58667462502522
TCGA-XR-A8TG-01A,Tumor,-0.946249887748777,-2.02964308984396
TCGA-K7-AAU7-01A,Tumor,0.520865298940057,2.81758152178349
TCGA-G3-A25Y-01A,Tumor,0.569689230658943,4.06760454077354
TCGA-BC-A10S-01A,Tumor,1.78583662456985,-2.48063972525746
TCGA-BC-A216-01A,Tumor,-2.204075483521,-1.73864516134283
TCGA-DD-A11A-11A,Normal,9.25760891347577,0.879810533219754
TCGA-DD-A4NR-01A,Tumor,-2.56611594665471,-0.0962347670740092
TCGA-CC-A7IG-01A,Tumor,-4.11750375157006,2.86553987730024
TCGA-DD-A119-01A,Tumor,0.430952609711779,1.28117443325608
TCGA-BC-A217-01A,Tumor,-2.18193019986554,-2.30501742821534
TCGA-EP-A2KC-01A,Tumor,-0.640277604151991,-1.89622984595732
TCGA-CC-5259-01A,Tumor,-4.47649964109091,-0.320255306161521
TCGA-2Y-A9GY-01A,Tumor,-5.36980579490255,1.07764207005601
TCGA-BC-A3KG-01A,Tumor,-5.43963257721877,-2.16884783747587
TCGA-DD-A118-01A,Tumor,-3.1321539596505,1.68957464332501
TCGA-ES-A2HT-11A,Normal,8.91957836701987,1.22618101118386
TCGA-DD-A4NJ-01A,Tumor,-3.21778143311891,0.185218348497995
TCGA-K7-A6G5-01A,Tumor,2.73602709288626,-0.933290332358671
TCGA-UB-A7MF-01A,Tumor,-4.32077007783202,2.57630057921406
TCGA-DD-AADG-01A,Tumor,0.154447622620069,-3.12806716804044
TCGA-G3-A7M5-01A,Tumor,-0.297283878216635,-5.19307882080133
TCGA-DD-A116-11A,Normal,9.58012423567832,0.286599489838477
TCGA-MI-A75C-01A,Tumor,-2.23018492653145,-1.88120280851924
TCGA-ED-A82E-01A,Tumor,-3.66330568810842,8.98828905266653
TCGA-NI-A4U2-01A,Tumor,1.90157095652014,-3.36379104282308
TCGA-2Y-A9H3-01A,Tumor,-4.14067564085889,1.89373701024777
TCGA-CC-A7II-01A,Tumor,-4.6466254080997,5.94096602030144
TCGA-DD-A3A4-01A,Tumor,-0.848249320445712,-0.0611613439555924
TCGA-G3-AAV6-01A,Tumor,-4.16726502825343,1.67308260605603
TCGA-DD-A3A4-11A,Normal,10.1464309380686,1.24615764118699
TCGA-DD-A113-01A,Tumor,-4.58936328537833,0.265782033594176
TCGA-UB-A7MB-01A,Tumor,-1.50947071173357,-2.08190802857874
TCGA-DD-AAVX-01A,Tumor,-2.37931100735661,-0.000574570652644628
TCGA-DD-A73A-01A,Tumor,-1.51906089806272,-2.89204862984432
TCGA-DD-AADD-01A,Tumor,-5.83652833532528,-1.1857462913036
TCGA-ED-A66X-01A,Tumor,-1.22927684826293,4.6340254447108
TCGA-EP-A26S-11A,Normal,9.64600144398165,0.00267656272076689
TCGA-2Y-A9H6-01A,Tumor,0.772356340943157,1.72195174074344
TCGA-G3-A3CI-01A,Tumor,2.06644746267792,-1.10873912541606
TCGA-CC-A7IL-01A,Tumor,-1.75427667413101,-3.31381961887941
TCGA-DD-A4NE-01A,Tumor,-0.471001341753518,-0.393143679054996
TCGA-CC-A9FV-01A,Tumor,-1.55077172670928,8.12030479004218
TCGA-DD-AACZ-01A,Tumor,-5.07452348017383,-0.712576418644484
TCGA-DD-AAE4-01A,Tumor,0.849365347439542,-4.44427134455505
TCGA-ED-A5KG-01A,Tumor,-2.65885546069356,5.50055865544805
TCGA-DD-A4ND-01A,Tumor,3.35155493286606,0.39964919624004
TCGA-RC-A6M5-01A,Tumor,1.18467028316331,2.57833156535377
TCGA-FV-A2QQ-01A,Tumor,-0.134005780100278,-0.711086304394028
TCGA-CC-A8HS-01A,Tumor,-3.71322814257223,2.1549803329007
TCGA-DD-A1EH-01A,Tumor,-1.89879246757481,4.27595571224599
TCGA-2Y-A9GX-01A,Tumor,4.44009737838372,0.790816774737611
TCGA-DD-A73F-01A,Tumor,-2.2701997837379,-3.39022418446329
TCGA-BC-A10Z-01A,Tumor,-2.08269360838979,-5.00652730738891
TCGA-BC-A69H-01A,Tumor,-4.96857688913122,0.539440665547774
TCGA-DD-AADR-01A,Tumor,-2.51670002963611,-2.95487630133156
TCGA-ZP-A9CV-01A,Tumor,0.370646471158786,-0.816542238255021
TCGA-ED-A7XP-01A,Tumor,1.51862799012027,2.52837602292042
TCGA-DD-A4NL-01A,Tumor,4.7037299136578,-1.4268223111613
TCGA-G3-A5SM-01A,Tumor,1.37330860983732,-0.846965490682077
TCGA-FV-A2QR-01A,Tumor,-2.12173772571435,-1.58253588877748
TCGA-DD-AACK-01A,Tumor,-1.42372798682227,-5.14201538729031
TCGA-DD-A3A5-11A,Normal,8.78929371538611,-0.390583736372622
TCGA-5R-AA1D-01A,Tumor,0.454769803519571,2.39513262644567
TCGA-CC-A123-01A,Tumor,-5.29709758985893,1.83934887838248
TCGA-CC-A7IK-01A,Tumor,-4.09635635449828,-0.793665382582332
TCGA-DD-AADY-01A,Tumor,-1.72200216016252,3.57043918284703
TCGA-DD-A39V-11A,Normal,8.42618591316113,0.342411511838792
TCGA-DD-A39V-01A,Tumor,-4.85576973368154,1.42101926407162
TCGA-G3-A25V-01A,Tumor,4.42237034646639,-1.11492113520701
TCGA-2Y-A9H9-01A,Tumor,-1.91025261859919,-3.92834270824502
TCGA-BC-A8YO-01A,Tumor,-3.96728642589878,-1.26832448094438
TCGA-RC-A7S9-01A,Tumor,-3.81722971545386,-0.397840502758895
TCGA-G3-AAV3-01A,Tumor,-1.37091092834324,-0.662130229220325
TCGA-UB-AA0V-01A,Tumor,8.44714896044637,1.22069879864297
TCGA-2Y-A9H5-01A,Tumor,1.39359696266395,2.95692044278568
TCGA-CC-A8HV-01A,Tumor,-4.43961924373542,3.64932484538096
TCGA-BC-A5W4-01A,Tumor,-3.33766313270211,-2.15773619127302
TCGA-DD-A1EE-11A,Normal,7.84919590723758,0.41575774565648
TCGA-DD-A3A7-01A,Tumor,-5.81690557543222,0.266126157402159
TCGA-G3-AAV7-01A,Tumor,-4.79046563868366,2.61606786089547
TCGA-DD-A4NI-01A,Tumor,3.6088677706628,-2.78330711722514
TCGA-CC-A9FU-01A,Tumor,-5.71175477577316,-0.0973608804951226
TCGA-DD-AAE0-01A,Tumor,-3.00568353403891,5.17859094733137
TCGA-CC-5264-01A,Tumor,-2.60786862155632,-0.837326154072251
TCGA-DD-AADB-01A,Tumor,-4.99277778564443,0.39463547361125
TCGA-BC-A216-11A,Normal,8.99356138853528,0.391214259564037
TCGA-BC-A10Y-01A,Tumor,-2.2124395480669,-3.99429696028748
TCGA-CC-A3MA-01A,Tumor,3.44574890454607,4.2598235270155
TCGA-DD-A73B-01A,Tumor,-0.948244917553081,-2.9614504914633
TCGA-DD-A119-11A,Normal,9.36875693181844,0.440866957238597
TCGA-RC-A7SF-01A,Tumor,-3.00989045294199,-3.02788308408984
TCGA-DD-AACW-01A,Tumor,-3.4832424521527,-0.280969030672813
TCGA-DD-AACB-01A,Tumor,-4.0264107332408,0.95949184163305
TCGA-DD-A3A8-01A,Tumor,-1.3691596541131,-2.52459724346703
TCGA-DD-A3A8-11A,Normal,8.39179982649383,0.34457226608931
TCGA-CC-5258-01A,Tumor,-3.22885415645118,0.770499552261168
TCGA-5C-AAPD-01A,Tumor,-2.2857409004529,-0.356678918298899
TCGA-ED-A459-01A,Tumor,-2.31811649359297,-0.815811524158616
TCGA-DD-AAE2-01A,Tumor,2.70046524639531,-4.44507580904941
TCGA-DD-AAW3-01A,Tumor,-0.892859254643665,-1.20184093202421
TCGA-BW-A5NP-01A,Tumor,-4.21370080761978,4.62934189844157
TCGA-DD-A4NK-01A,Tumor,1.23873415725305,-3.37295193110697
TCGA-DD-AA3A-01A,Tumor,-1.37404107336699,5.04125871003865
TCGA-BC-4072-01B,Tumor,-1.12782654114296,2.69374209122622
TCGA-DD-A73G-01A,Tumor,-3.42480413249759,1.93423027610591
TCGA-XR-A8TD-01A,Tumor,2.05004528082696,0.845977143274619
TCGA-KR-A7K0-01A,Tumor,2.10377562883068,-1.01850254307956
TCGA-DD-A11A-01A,Tumor,-2.81557488240323,-3.13185162627239
TCGA-DD-AADM-01A,Tumor,-1.80426578349481,-1.80064752199013
TCGA-DD-AACF-01A,Tumor,-3.04342755121967,-0.845360086709534
TCGA-DD-AADV-01A,Tumor,3.0540975367152,-3.04895267917392
TCGA-5C-A9VH-01A,Tumor,-1.150988109743,2.71854765256622
TCGA-DD-A3A6-11A,Normal,7.85236936000396,-0.218281925010136
TCGA-DD-A4NV-01A,Tumor,5.32825432917293,-1.48024242487942
TCGA-DD-A3A6-01A,Tumor,-1.76113565510265,6.47370124322426
TCGA-FV-A3I1-01A,Tumor,-0.881668261687719,-0.991592133181057
TCGA-DD-AAVZ-01A,Tumor,-0.227719918241572,1.09316861988022
TCGA-DD-A1EC-11A,Normal,9.87551660390296,0.537397620038702
TCGA-ZS-A9CD-01A,Tumor,-0.412228528221265,-0.805622986463879
TCGA-UB-A7MD-01A,Tumor,-0.0666127871857808,-2.24335900834128
TCGA-DD-A1EB-01A,Tumor,0.79214100814224,-1.4427096932793
TCGA-WJ-A86L-01A,Tumor,-3.36045058346793,-2.83455478561374
TCGA-FV-A4ZQ-01A,Tumor,-4.37057681631612,-0.127605573487526
TCGA-LG-A9QD-01A,Tumor,2.1719379936247,-2.90726797879192
TCGA-DD-AAD5-01A,Tumor,-4.89862422639807,2.02585061453463
TCGA-DD-AADL-01A,Tumor,-1.80758863897073,-5.20470795313441
TCGA-G3-A7M7-01A,Tumor,-1.06909262494121,-0.875531684057468
TCGA-MR-A8JO-01A,Tumor,-1.36238292750424,3.64618525097496
TCGA-DD-A11C-11A,Normal,7.69675314919068,0.52566842609636
TCGA-DD-AAE1-01A,Tumor,-5.49660371455747,-0.646524276302745
TCGA-DD-A11C-01A,Tumor,-1.14649661944124,-3.02907540806396
TCGA-RG-A7D4-01A,Tumor,-6.21680535536912,0.595917788992304
TCGA-BC-A10Q-01A,Tumor,-3.89687547806944,7.62838822007297
TCGA-WX-AA46-01A,Tumor,9.03947090723803,-0.982100682425268
TCGA-MI-A75E-01A,Tumor,3.72670843920223,0.303690068602404
TCGA-FV-A23B-11A,Normal,9.3830402878714,0.573992436328244
TCGA-FV-A23B-01A,Tumor,-4.32696844414126,0.665711991807286
TCGA-2Y-A9H1-01A,Tumor,-2.97193071560651,-2.86456250398581
TCGA-CC-5262-01A,Tumor,-1.02800324105702,0.640337590101883
TCGA-DD-A4NF-01A,Tumor,-1.56056116167594,-1.7837929218714
TCGA-DD-AADK-01A,Tumor,1.40673304178425,1.27786217264098
TCGA-BC-A10U-01A,Tumor,0.112242769426113,-1.21693255513182
TCGA-DD-A4NP-01A,Tumor,5.72648708887271,-0.416668276892418
TCGA-FV-A3R2-01A,Tumor,-1.73772145834717,-2.77436624767346
TCGA-BC-A110-11A,Normal,8.88127354017265,0.295633022977311
TCGA-DD-AADF-01A,Tumor,-4.44872206583926,-3.53250117160943
TCGA-ZP-A9D2-01A,Tumor,1.60003628501204,3.20520645267679
TCGA-DD-AACP-01A,Tumor,-3.85043071786007,0.124484044381077
TCGA-BD-A3ER-01A,Tumor,1.59297028229448,-0.620863002480514
TCGA-RC-A6M3-01A,Tumor,-4.2456265921956,3.08860530535474
TCGA-ZP-A9CY-01A,Tumor,4.30793164595468,-1.7931580260625
TCGA-DD-AACA-01A,Tumor,-2.80020549024598,-0.833134722988215
TCGA-BC-A110-01A,Tumor,6.27684819327859,0.305456456572941
TCGA-FV-A3I1-11A,Normal,9.47437762837781,0.005524367820816
TCGA-UB-A7MA-01A,Tumor,-4.00782333126822,4.15809058613612
TCGA-KR-A7K2-01A,Tumor,-1.39886684947432,0.405477510900295
TCGA-DD-A1EC-01A,Tumor,-3.54044268582383,4.17154895862877
TCGA-DD-AADN-01A,Tumor,-6.24243092857657,0.707072774283098
TCGA-2Y-A9HA-01A,Tumor,-1.65890183687737,-1.80754040687596
TCGA-K7-A5RG-01A,Tumor,-1.69725949286891,-1.60459015293286
TCGA-T1-A6J8-01A,Tumor,0.413894387984024,-1.66350260962323
TCGA-CC-A3MC-01A,Tumor,-1.35211314058068,2.41799502913696
TCGA-ES-A2HS-01A,Tumor,1.13683458745776,-1.91725874106032
TCGA-DD-A1EB-11A,Normal,10.3080166273786,0.459607549825551
TCGA-G3-A25T-01A,Tumor,2.49892199606009,3.32218765589745
TCGA-2Y-A9GU-01A,Tumor,-2.80366787799667,-1.46534920007178
TCGA-CC-A8HT-01A,Tumor,-5.38640283164385,-0.812006485150852
TCGA-ED-A7PX-01A,Tumor,-2.04698746448592,6.90215118389503
TCGA-LG-A9QC-01A,Tumor,-2.9311600773335,1.11074990048856
TCGA-DD-AAE9-01A,Tumor,-3.02995919768841,-0.866044849813576
TCGA-K7-A5RF-01A,Tumor,8.41105540274444,-0.13999034222785
TCGA-XR-A8TC-01A,Tumor,-0.731462611178855,1.48091275314227
TCGA-G3-AAV0-01A,Tumor,1.30328978526884,-2.69136898967732
TCGA-DD-AAEK-01A,Tumor,-1.00235378193813,-1.54274239350626
TCGA-DD-A4NO-01A,Tumor,-0.906545012520205,-0.677387301718181
TCGA-ZS-A9CE-01A,Tumor,1.78770869029139,-3.8925687743246
TCGA-BC-A10Z-11A,Normal,9.20969113164768,1.18613840463216
TCGA-DD-A118-11A,Normal,8.02417430503329,0.17934780941228
TCGA-ED-A7PZ-01A,Tumor,-5.92173070683352,0.617713365017691
TCGA-HP-A5N0-01A,Tumor,3.68051980817047,-3.20493136265195
TCGA-ED-A8O6-01A,Tumor,-2.83597558590757,2.58341479392419
TCGA-CC-A3M9-01A,Tumor,-4.86225616893631,6.0804636149412
TCGA-DD-AACS-01A,Tumor,-3.83803493764504,-0.548672973801118
TCGA-DD-AAC8-01A,Tumor,-4.6321491584233,2.15891259338077
TCGA-KR-A7K8-01A,Tumor,-1.29069541652766,-3.25879383627447
TCGA-DD-A1EJ-11A,Normal,10.2999902093659,0.239859622851281
TCGA-DD-A1EJ-01A,Tumor,-4.06304768183883,-2.14378045971149
TCGA-DD-AAED-01A,Tumor,-4.27006716771957,1.24020710685536
TCGA-BC-A10Y-11A,Normal,9.50206526631334,0.912072114503452
TCGA-DD-A1EE-01A,Tumor,-1.90096435185627,-1.9032854298524
TCGA-WX-AA44-01A,Tumor,0.00790549068655547,2.02647590725188
TCGA-DD-A1EG-01A,Tumor,-1.33784114809806,0.234173154438118
TCGA-DD-A1EG-11A,Normal,9.12323252591384,0.416308673224512
TCGA-2Y-A9H8-01A,Tumor,-3.10960414685089,-1.54529817988383
TCGA-RC-A7SB-01A,Tumor,-0.119584853965069,-3.5602662649755
TCGA-ZP-A9CZ-01A,Tumor,-2.47829588040658,-0.0490072053554407
TCGA-DD-A1EI-11A,Normal,10.2831067783997,0.501134901682832
TCGA-DD-A39Z-01A,Tumor,-4.22576340896535,0.0894228098116895
TCGA-BD-A2L6-01A,Tumor,-0.213230018976207,-3.64550278237513
TCGA-2Y-A9H7-01A,Tumor,-5.31098094317241,0.604682738640089
TCGA-DD-AAD0-01A,Tumor,-4.46555986204221,-2.06015869076991
TCGA-G3-A25X-01A,Tumor,-3.74486239784951,5.08291613192704
TCGA-BD-A2L6-11A,Normal,9.28418103446577,1.20553080953469
TCGA-BC-A10R-11A,Normal,9.93993706341296,0.276503358098571
TCGA-DD-A4NB-01A,Tumor,0.802673979979898,1.91644106030584
TCGA-BC-A10R-01A,Tumor,-0.178382190697388,0.720928772580701
TCGA-G3-AAV2-01A,Tumor,-1.5184506448726,-1.24882538349819
TCGA-DD-AAD3-01A,Tumor,1.66663886618093,-0.734585617692664
TCGA-DD-A11B-01A,Tumor,0.298566275548781,-2.44255411581056
TCGA-DD-A11B-11A,Normal,7.91005512086267,0.780078366158703
TCGA-DD-A11D-11A,Normal,9.17709155904801,0.389094595785901
TCGA-CC-5261-01A,Tumor,0.0158614071187673,4.51975091198288
TCGA-DD-AAVW-01A,Tumor,1.0581423643708,2.17324833392628
TCGA-BC-A3KF-01A,Tumor,-0.406172683120131,-4.47469200775065
TCGA-G3-A5SI-01A,Tumor,-3.7830649299861,-0.494952447904726
TCGA-DD-AAVU-01A,Tumor,-5.93730688247311,-1.509146042437
TCGA-DD-AACQ-01A,Tumor,-3.83868819914475,-4.51056242489317
TCGA-G3-A3CG-01A,Tumor,-2.07809287448329,-1.26809822863602
TCGA-DD-AAW2-01A,Tumor,-0.950483079612429,-1.27265441688216
TCGA-G3-AAV5-01A,Tumor,-2.24081728274461,-0.630241566516274
TCGA-G3-A7M8-01A,Tumor,2.4507130841419,-1.44707979532249
TCGA-G3-A7M9-01A,Tumor,-2.00748237058969,2.1126749311771
TCGA-G3-AAV4-01A,Tumor,-3.95617181693383,-0.0201618355086673
TCGA-EP-A3JL-01A,Tumor,-0.961262047010417,-1.37595333740557
TCGA-MI-A75I-01A,Tumor,-2.59954108080989,-2.44728817312658
TCGA-FV-A4ZP-01A,Tumor,-5.66557034292907,2.77433435821239
TCGA-DD-AAVP-01A,Tumor,-0.768210606511924,1.27922775786608
TCGA-DD-AAEH-01A,Tumor,2.71900655142656,-0.867822993205494
TCGA-DD-A114-01A,Tumor,0.646822879807194,3.28414212039328
TCGA-FV-A3R2-11A,Normal,9.26954127616416,0.634090891378418
TCGA-BC-4073-01B,Tumor,-1.90182456209624,1.89500921498906
TCGA-KR-A7K7-01A,Tumor,-4.70900670191229,0.218029459232306
TCGA-O8-A75V-01A,Tumor,-0.885060608399466,-1.14845383332243
TCGA-BC-A69I-01A,Tumor,1.34762691725393,-1.63077747758393
TCGA-ED-A97K-01A,Tumor,5.64203596698546,3.49974210339677
TCGA-DD-A73C-01A,Tumor,0.602040988574127,-1.36857675751052
TCGA-ES-A2HT-01A,Tumor,0.740157417186689,-0.0319092761475622
TCGA-DD-A3A1-01A,Tumor,-3.94319453549574,-3.63849386958706
TCGA-DD-A3A1-11A,Normal,7.58021768703629,0.650736395960162
TCGA-BC-A10T-01A,Tumor,2.4132664461079,-1.20449394566918
TCGA-DD-AAVQ-01A,Tumor,-1.02737408592377,3.96229657753882
TCGA-G3-A6UC-01A,Tumor,-0.254991622290957,-2.89222294834157
TCGA-DD-A4NG-01A,Tumor,-3.44456999801657,-1.72156617040314
TCGA-EP-A12J-11A,Normal,7.80808534783931,1.01717096432513
TCGA-EP-A12J-01A,Tumor,-0.649900485455022,-1.92502879376695
TCGA-2Y-A9GS-01A,Tumor,-0.431625083505685,-0.85668393751355
TCGA-BC-A10T-11A,Normal,8.9146676928804,0.764719462234871
TCGA-DD-AADO-01A,Tumor,-4.55768025525757,1.70917455260778
TCGA-DD-AADP-01A,Tumor,-0.834054962465055,1.38157991843365
TCGA-DD-AADI-01A,Tumor,-0.513887740002773,4.45727513105445
TCGA-ED-A627-01A,Tumor,8.88509601635155,2.13313379544432
TCGA-CC-5263-01A,Tumor,-3.92319401823242,3.23373913537306
TCGA-G3-A5SL-01A,Tumor,0.114156158621674,-2.07845835609018
TCGA-DD-A4NS-01A,Tumor,7.08930589375378,1.68398701507233
TCGA-DD-A113-11A,Normal,9.07359382721665,0.265967923266315
TCGA-DD-AACE-01A,Tumor,-2.01068587931246,-3.83357775226991
TCGA-RC-A7SK-01A,Tumor,-0.289840534603746,-1.71184618836264
TCGA-DD-AAEA-01A,Tumor,-3.90276837934681,-2.55435227345044
TCGA-DD-AACG-01A,Tumor,-6.08706354439404,-0.307165844252797
TCGA-QA-A7B7-01A,Tumor,-3.63856395884174,-3.42669629510203
TCGA-FV-A495-01A,Tumor,3.54814953856409,-0.0139295896858748
TCGA-DD-A4NN-01A,Tumor,-2.68672634996327,3.69390982770861
TCGA-G3-A25U-01A,Tumor,-0.424273243184726,-4.68362481394738
TCGA-ED-A4XI-01A,Tumor,6.45675809092663,1.45751448121341
TCGA-DD-A39Y-01A,Tumor,-3.88650673659193,0.0481086228087513
TCGA-LG-A6GG-01A,Tumor,-3.56590266957194,-2.99292945152443
TCGA-DD-A4NA-01A,Tumor,-4.54050535085822,6.67858163200005
TCGA-BW-A5NQ-01A,Tumor,-5.52366069665088,0.547275329849379
TCGA-2Y-A9GV-01A,Tumor,0.803002388115321,-3.11609886909475
TCGA-G3-A3CJ-01A,Tumor,-1.43837241871742,-2.09389040924474
TCGA-G3-AAUZ-01A,Tumor,0.880044825270325,-2.61544407454834
TCGA-DD-A73E-01A,Tumor,-2.12645687125968,-0.863972925577476
TCGA-BD-A3EP-11A,Normal,8.88962294256191,0.541497253847567
TCGA-BD-A3EP-01A,Tumor,-0.422876778096322,0.159093803941362
TCGA-DD-AAEB-01A,Tumor,-2.35268940697572,-3.30935477379227
TCGA-UB-A7MC-01A,Tumor,-2.80796161506794,-1.96740630396277
TCGA-EP-A3RK-01A,Tumor,-2.84286267578742,-1.06108555244363
TCGA-EP-A3RK-11A,Normal,9.37429120583104,0.269032925462885
TCGA-MI-A75H-01A,Tumor,-0.594400324299777,-0.833966645314269
TCGA-2Y-A9H4-01A,Tumor,-2.25412829096427,-4.47569250490754
TCGA-DD-A1EA-01A,Tumor,-3.46901934923903,-1.48055865460144
TCGA-CC-A5UC-01A,Tumor,2.11792886536158,2.60920391270599
TCGA-FV-A496-01A,Tumor,-0.716262625525056,-3.02152354621544
TCGA-DD-AACV-01A,Tumor,-2.34977000169663,-4.68319507096873
TCGA-DD-AACU-01A,Tumor,0.544891720148045,-0.563788853001148
TCGA-ZS-A9CF-01A,Tumor,-2.05422551275518,-5.52295294318572
TCGA-DD-AAVV-01A,Tumor,-1.0606940770561,1.64386194177574
TCGA-DD-AAVR-01A,Tumor,0.623881355926555,2.01846457015217
TCGA-4R-AA8I-01A,Tumor,0.416614263825088,-2.562115072841
TCGA-DD-AACJ-01A,Tumor,-4.32871987763151,-2.25810533490915
TCGA-DD-AAVS-01A,Tumor,-1.58264956889578,1.53579044694071
TCGA-3K-AAZ8-01A,Tumor,-1.03756878546362,-2.40487084475068
TCGA-ED-A7PY-01A,Tumor,-2.66147093592004,1.66958250151356
TCGA-DD-A116-01A,Tumor,-0.514012816476762,1.30351205461007
TCGA-DD-A1EK-01A,Tumor,-0.751570516103068,-2.82619187446689
TCGA-DD-AAE6-01A,Tumor,-5.71911667524618,-2.00876623363489
TCGA-RC-A6M6-01A,Tumor,-4.47561060826684,1.85540137280521
TCGA-DD-AAC9-01A,Tumor,1.74634613893979,-0.0840629499176699
TCGA-UB-AA0U-01A,Tumor,3.7619442951387,0.027216698236779
TCGA-2Y-A9HB-01A,Tumor,-0.245376616865356,-2.80110070848037
TCGA-EP-A26S-01A,Tumor,-0.974599235902234,-1.80865293298665
TCGA-G3-A25S-01A,Tumor,-2.52247396738878,-1.79153667727453
TCGA-DD-AAEG-01A,Tumor,-0.846881974838898,0.250817599940375
TCGA-UB-A7ME-01A,Tumor,0.942000537725734,2.3046799777076
TCGA-YA-A8S7-01A,Tumor,-0.198122306493668,0.404065721396012
TCGA-DD-A4NQ-01A,Tumor,-3.8370265134234,-0.231030456063548
TCGA-DD-AADU-01A,Tumor,-3.16302808248398,-0.532562615299344
TCGA-DD-AAVY-01A,Tumor,-1.58981621633129,-1.59080890975057
TCGA-2Y-A9H2-01A,Tumor,1.14885437126615,1.86214018783257
TCGA-CC-5260-01A,Tumor,-3.34619583939435,8.09921746130422
TCGA-DD-A1EH-11A,Normal,9.71288906920982,0.501086225375539
TCGA-FV-A2QR-11A,Normal,8.91653149969046,1.32722982964924
TCGA-CC-A7IF-01A,Tumor,-1.107680939224,0.0373820480585983
TCGA-DD-A3A5-01A,Tumor,-0.80939743661694,-5.18736619171412
TCGA-DD-AACY-01A,Tumor,-1.79860582010609,-2.22053409153257
TCGA-DD-AACC-01A,Tumor,1.71634044671111,1.58185060808272
TCGA-CC-A7IH-01A,Tumor,2.39400201297245,-0.948998089931302
TCGA-BW-A5NO-01A,Tumor,-2.45780428238046,-3.01434838893167
TCGA-CC-A7IJ-01A,Tumor,-3.48983022046157,7.28045673563543
TCGA-G3-AAV1-01A,Tumor,-3.25147877699537,-0.424937117618033
TCGA-DD-AACI-01A,Tumor,-4.12125210316547,0.943292718435321
TCGA-CC-A9FS-01A,Tumor,1.3371320470928,-0.165284572612869
TCGA-GJ-A3OU-01A,Tumor,0.14780216336239,2.05830507167558
